id,url
1,https://www.websiteclosers.com/businesses/solar-roofing-company-california-puerto-rico-semi-absentee-owner-15-000-average-project-size-strong-lead-gen-model/111972/
2,https://www.websiteclosers.com/businesses/amazon-fba-brand-in-germany-diy-products-tools-strong-yoy-growth-22-net-profit-easy-to-run-from-the-us-great-opportunity-to-break-into-the-eu/111970/
3,https://www.websiteclosers.com/businesses/elearning-business-mental-health-services-8-year-ed-tech-business-multiple-accreditations-in-the-us-and-canada-strong-yoy-growth/111968/
4,https://www.websiteclosers.com/businesses/sba-pre-qualified-ecommerce-brand-beauty-cosmetics-lip-care-56-ttm-growth-over-2023-27-repeat-order-rate-71k-tiktok-followers/111966/
5,https://www.websiteclosers.com/businesses/video-and-photo-production-company-63-repeat-order-rate-fortune-100-clients-full-service-production-company-10-years-in-business/111963/
6,https://www.websiteclosers.com/businesses/kids-ecommerce-brand-culinary-education-via-cooking-kits-and-online-content-15-years-in-business-90-repeat-order-rate-pre-paid-subscription-model/111955/
7,https://www.websiteclosers.com/businesses/tactical-outdoor-gear-ecommerce-brand-proprietary-products-5-years-in-business-consistent-yoy-growth-40-000-social-media-followers/111953/
8,https://www.websiteclosers.com/businesses/13-year-content-writing-agency-90-repeat-client-base-62-gross-margins-20-000-monthly-website-visitors-full-team-in-place-automated-platform/111949/
9,https://www.websiteclosers.com/businesses/amazon-account-management-agency-strong-yoy-growth-5-years-in-business-proprietary-saas-tool-4-000-average-monthly-retainer-fully-remote-team/111946/
10,https://www.websiteclosers.com/businesses/nutritional-supplements-snack-foods-b2b-ecommerce-brand-500-loyal-wholesale-accounts-70-repeat-orders-100-yoy-growth-strong-margins/111944/
11,https://www.websiteclosers.com/businesses/23-year-saas-business-software-technology-marketing-solutions-for-the-real-estate-sector-400-active-clients-low-churn-rate-recurring-subscription-model/111939/
12,https://www.websiteclosers.com/businesses/private-label-ecommerce-brand-honey-based-line-of-products-flavored-honey-gummies-topicals-more-53-repeat-order-rate-20-growth/111936/
